"id","branch_id","request_id","invoice_sequence_id","file_path","status","created_by","created_at","updated_at"
"1","5","1","9","https://api.deemceelive.com/storage/invoice/MY001-21-0001.pdf","Paid","1","2021-01-07 12:20:16","2021-01-07 12:23:15"
"2","5","5","202","https://api.deemceelive.com/storage/invoice/MY001-21-0002.pdf","Unpaid","1","2021-01-23 12:25:22","2021-01-23 12:25:22"
"3","9","4","551","https://api.deemceelive.com/storage/invoice/MY001-21-0003.pdf","Paid","1","2021-02-08 14:42:26","2021-03-23 21:25:58"
"4","4","8","552","https://api.deemceelive.com/storage/invoice/MY001-21-0004.pdf","Unpaid","1","2021-02-08 14:45:12","2021-02-08 14:45:12"
"5","6","6","562","https://api.deemceelive.com/storage/invoice/MY001-21-0005.pdf","Unpaid","1","2021-02-08 15:52:25","2021-02-08 15:52:25"
"6","5","7","563","https://api.deemceelive.com/storage/invoice/MY001-21-0006.pdf","Unpaid","1","2021-02-08 15:52:42","2021-02-08 15:52:42"
"7","5","12","568","https://api.deemceelive.com/storage/invoice/MY001-21-0007.pdf","Unpaid","2","2021-02-08 16:03:55","2021-02-08 16:03:55"
"8","7","11","569","https://api.deemceelive.com/storage/invoice/MY001-21-0008.pdf","Unpaid","2","2021-02-08 16:04:09","2021-02-08 16:04:09"
"9","2","10","570","https://api.deemceelive.com/storage/invoice/MY001-21-0009.pdf","Unpaid","2","2021-02-08 16:04:29","2021-02-08 16:04:29"
"10","2","13","573","https://api.deemceelive.com/storage/invoice/MY001-21-0010.pdf","Unpaid","1","2021-02-08 16:17:34","2021-02-08 16:17:34"
"11","5","14","574","https://api.deemceelive.com/storage/invoice/MY001-21-0011.pdf","Unpaid","1","2021-02-08 16:17:49","2021-02-08 16:17:49"
"12","6","15","575","https://api.deemceelive.com/storage/invoice/MY001-21-0012.pdf","Unpaid","1","2021-02-08 16:18:01","2021-02-08 16:18:01"
"13","4","16","576","https://api.deemceelive.com/storage/invoice/MY001-21-0013.pdf","Unpaid","1","2021-02-08 16:18:17","2021-02-08 16:18:17"
"14","7","17","577","https://api.deemceelive.com/storage/invoice/MY001-21-0014.pdf","Unpaid","1","2021-02-08 16:18:28","2021-02-08 16:18:28"
"15","7","17","578","https://api.deemceelive.com/storage/invoice/MY001-21-0015.pdf","Unpaid","1","2021-02-08 16:18:29","2021-02-08 16:18:29"
"16","3","18","579","https://api.deemceelive.com/storage/invoice/MY001-21-0016.pdf","Unpaid","1","2021-02-08 16:18:42","2021-02-08 16:18:42"
"17","3","19","582","https://api.deemceelive.com/storage/invoice/MY001-21-0017.pdf","Unpaid","1","2021-02-08 16:32:10","2021-02-08 16:32:10"
"18","4","20","588","https://api.deemceelive.com/storage/invoice/MY001-21-0018.pdf","Unpaid","1","2021-02-09 13:01:26","2021-02-09 13:01:26"
"19","4","21","589","https://api.deemceelive.com/storage/invoice/MY001-21-0019.pdf","Unpaid","1","2021-02-09 13:01:45","2021-02-09 13:01:45"
"20","8","2","619","https://api.deemceelive.com/storage/invoice/MY001-21-0020.pdf","Paid","1","2021-02-20 23:17:34","2021-03-23 21:25:19"
"21","11","3","641","https://api.deemceelive.com/storage/invoice/MY001-21-0021.pdf","Unpaid","1","2021-03-08 22:19:55","2021-03-08 22:19:55"
"22","12","22","646","https://api.deemceelive.com/storage/invoice/MY001-21-0022.pdf","Unpaid","1","2021-03-14 17:39:50","2021-03-14 17:39:50"
"23","13","24","647","https://api.deemceelive.com/storage/invoice/MY001-21-0023.pdf","Paid","1","2021-03-14 17:40:53","2021-03-23 21:26:15"
"24","13","25","648","https://api.deemceelive.com/storage/invoice/MY001-21-0024.pdf","Paid","1","2021-03-14 17:42:53","2021-03-23 21:26:12"
"25","6","23","649","https://api.deemceelive.com/storage/invoice/MY001-21-0025.pdf","Unpaid","1","2021-03-17 20:21:34","2021-03-17 20:21:34"
"26","4","26","696","https://api.deemceelive.com/storage/invoice/MY001-21-0026.pdf","Unpaid","1","2021-03-23 21:30:19","2021-03-23 21:30:19"
"27","11","27","1125","https://api.deemceelive.com/storage/invoice/MY001-21-0027.pdf","Unpaid","1","2021-11-06 14:40:08","2021-11-06 14:40:08"
"28","6","29","1151","https://api.deemceelive.com/storage/invoice/MY001-21-0028.pdf","Unpaid","1","2021-11-25 18:54:57","2021-11-25 18:54:57"
"29","3","28","1152","https://api.deemceelive.com/storage/invoice/MY001-21-0029.pdf","Unpaid","1","2021-11-25 18:55:07","2021-11-25 18:55:07"
"30","2","30","1198","https://api.deemceelive.com/storage/invoice/MY001-21-0030.pdf","Unpaid","1","2021-12-08 16:30:34","2021-12-08 16:30:34"
"31","2","31","1199","https://api.deemceelive.com/storage/invoice/MY001-21-0031.pdf","Unpaid","1","2021-12-08 16:31:11","2021-12-08 16:31:11"
"32","7","32","1200","https://api.deemceelive.com/storage/invoice/MY001-21-0032.pdf","Unpaid","1","2021-12-08 16:33:13","2021-12-08 16:33:13"
"33","9","33","1201","https://api.deemceelive.com/storage/invoice/MY001-21-0033.pdf","Unpaid","1","2021-12-08 17:12:42","2021-12-08 17:12:42"
"34","7","34","1202","https://api.deemceelive.com/storage/invoice/MY001-21-0034.pdf","Unpaid","1","2021-12-08 17:13:44","2021-12-08 17:13:44"
"35","7","35","1203","https://api.deemceelive.com/storage/invoice/MY001-21-0035.pdf","Unpaid","1","2021-12-08 17:14:02","2021-12-08 17:14:02"
"36","7","37","1245","https://api.deemceelive.com/storage/invoice/MY001-22-0036.pdf","Unpaid","1","2022-01-12 22:22:45","2022-01-12 22:22:45"
"37","3","36","1246","https://api.deemceelive.com/storage/invoice/MY001-22-0037.pdf","Unpaid","1","2022-01-12 22:27:18","2022-01-12 22:27:18"
"38","6","38","1247","https://api.deemceelive.com/storage/invoice/MY001-22-0038.pdf","Unpaid","1","2022-01-12 22:28:43","2022-01-12 22:28:43"
"39","6","38","1248","https://api.deemceelive.com/storage/invoice/MY001-22-0039.pdf","Unpaid","1","2022-01-12 22:28:44","2022-01-12 22:28:44"
"40","3","39","1249","https://api.deemceelive.com/storage/invoice/MY001-22-0040.pdf","Unpaid","1","2022-01-12 22:29:37","2022-01-12 22:29:37"
"41","3","40","1250","https://api.deemceelive.com/storage/invoice/MY001-22-0041.pdf","Unpaid","1","2022-01-12 22:29:57","2022-01-12 22:29:57"
"42","11","41","1251","https://api.deemceelive.com/storage/invoice/MY001-22-0042.pdf","Unpaid","1","2022-01-12 22:44:16","2022-01-12 22:44:16"
"43","3","43","1297","https://api.deemceelive.com/storage/invoice/MY001-22-0043.pdf","Unpaid","1","2022-01-27 12:01:16","2022-01-27 12:01:16"
"44","6","44","1298","https://api.deemceelive.com/storage/invoice/MY001-22-0044.pdf","Unpaid","1","2022-01-27 12:02:25","2022-01-27 12:02:25"
"45","7","42","1299","https://api.deemceelive.com/storage/invoice/MY001-22-0045.pdf","Unpaid","1","2022-01-27 18:49:10","2022-01-27 18:49:10"
"46","3","49","1305","https://api.deemceelive.com/storage/invoice/MY001-22-0046.pdf","Unpaid","1","2022-01-28 15:07:15","2022-01-28 15:07:15"
"47","2","45","1306","https://api.deemceelive.com/storage/invoice/MY001-22-0047.pdf","Unpaid","1","2022-01-28 15:15:25","2022-01-28 15:15:25"
"48","2","46","1307","https://api.deemceelive.com/storage/invoice/MY001-22-0048.pdf","Unpaid","1","2022-01-28 15:15:32","2022-01-28 15:15:32"
"49","7","47","1309","https://api.deemceelive.com/storage/invoice/MY001-22-0049.pdf","Unpaid","1","2022-01-28 17:33:42","2022-01-28 17:33:42"
"50","4","50","1325","https://api.deemceelive.com/storage/invoice/MY001-22-0050.pdf","Unpaid","1","2022-02-10 13:36:23","2022-02-10 13:36:23"
"51","5","53","1326","https://api.deemceelive.com/storage/invoice/MY001-22-0051.pdf","Unpaid","1","2022-02-10 13:40:22","2022-02-10 13:40:22"
"52","7","55","1337","https://api.deemceelive.com/storage/invoice/MY001-22-0053.pdf","Unpaid","1","2022-02-18 18:14:39","2022-02-18 18:14:39"
"53","7","54","1338","https://api.deemceelive.com/storage/invoice/MY001-22-0054.pdf","Unpaid","1","2022-02-18 18:50:55","2022-02-18 18:50:55"
"54","5","52","1339","https://api.deemceelive.com/storage/invoice/MY001-22-0055.pdf","Unpaid","1","2022-02-18 18:55:44","2022-02-18 18:55:44"
"55","5","51","1340","https://api.deemceelive.com/storage/invoice/MY001-22-0056.pdf","Unpaid","1","2022-02-18 19:06:55","2022-02-18 19:06:55"
"56","7","56","1341","https://api.deemceelive.com/storage/invoice/MY001-22-0057.pdf","Unpaid","1","2022-02-18 19:21:14","2022-02-18 19:21:14"
"57","7","58","1355","https://api.deemceelive.com/storage/invoice/MY001-22-0058.pdf","Unpaid","1","2022-02-25 18:57:05","2022-02-25 18:57:05"
"58","7","60","1356","https://api.deemceelive.com/storage/invoice/MY001-22-0059.pdf","Unpaid","1","2022-02-25 18:57:11","2022-02-25 18:57:11"
"59","9","57","1367","https://api.deemceelive.com/storage/invoice/MY001-22-0060.pdf","Unpaid","1","2022-02-26 19:48:07","2022-02-26 19:48:07"
"60","6","63","1413","https://api.deemceelive.com/storage/invoice/MY001-22-0061.pdf","Unpaid","1","2022-03-04 18:07:08","2022-03-04 18:07:08"
"61","4","59","1414","https://api.deemceelive.com/storage/invoice/MY001-22-0062.pdf","Unpaid","1","2022-03-04 18:07:42","2022-03-04 18:07:42"
"62","9","62","1415","https://api.deemceelive.com/storage/invoice/MY001-22-0063.pdf","Unpaid","1","2022-03-05 11:46:04","2022-03-05 11:46:04"
"63","9","61","1416","https://api.deemceelive.com/storage/invoice/MY001-22-0064.pdf","Unpaid","1","2022-03-05 11:46:13","2022-03-05 11:46:13"
"64","3","67","1423","https://api.deemceelive.com/storage/invoice/MY001-22-0065.pdf","Unpaid","1","2022-03-09 18:24:47","2022-03-09 18:24:47"
"65","7","70","1424","https://api.deemceelive.com/storage/invoice/MY001-22-0066.pdf","Unpaid","1","2022-03-09 18:27:20","2022-03-09 18:27:20"
"66","5","64","1425","https://api.deemceelive.com/storage/invoice/MY001-22-0067.pdf","Unpaid","1","2022-03-09 18:48:26","2022-03-09 18:48:26"
"67","5","65","1426","https://api.deemceelive.com/storage/invoice/MY001-22-0068.pdf","Unpaid","1","2022-03-09 18:48:29","2022-03-09 18:48:29"
"68","7","72","1468","https://api.deemceelive.com/storage/invoice/MY001-22-0069.pdf","Unpaid","1","2022-03-25 15:13:55","2022-03-25 15:13:55"
"69","7","75","1469","https://api.deemceelive.com/storage/invoice/MY001-22-0070.pdf","Unpaid","1","2022-03-25 15:14:21","2022-03-25 15:14:21"
"70","3","78","1470","https://api.deemceelive.com/storage/invoice/MY001-22-0071.pdf","Unpaid","1","2022-03-25 15:43:05","2022-03-25 15:43:05"
"71","2","76","1471","https://api.deemceelive.com/storage/invoice/MY001-22-0072.pdf","Unpaid","1","2022-03-25 15:43:17","2022-03-25 15:43:17"
"72","9","68","1473","https://api.deemceelive.com/storage/invoice/MY001-22-0073.pdf","Unpaid","1","2022-03-26 14:48:19","2022-03-26 14:48:19"
"73","11","73","1474","https://api.deemceelive.com/storage/invoice/MY001-22-0074.pdf","Unpaid","1","2022-03-26 15:07:45","2022-03-26 15:07:45"
"74","9","74","1475","https://api.deemceelive.com/storage/invoice/MY001-22-0075.pdf","Unpaid","1","2022-03-26 15:12:52","2022-03-26 15:12:52"
"75","3","85","1558","https://api.deemceelive.com/storage/invoice/MY001-22-0076.pdf","Unpaid","1","2022-04-12 10:56:06","2022-04-12 10:56:06"
"76","4","79","1588","https://api.deemceelive.com/storage/invoice/MY001-22-0077.pdf","Unpaid","1","2022-04-17 14:10:15","2022-04-17 14:10:15"
"77","2","77","1589","https://api.deemceelive.com/storage/invoice/MY001-22-0078.pdf","Unpaid","1","2022-04-17 15:54:50","2022-04-17 15:54:50"
"78","8","80","1590","https://api.deemceelive.com/storage/invoice/MY001-22-0079.pdf","Unpaid","1","2022-04-17 17:47:58","2022-04-17 17:47:58"
"79","5","82","1591","https://api.deemceelive.com/storage/invoice/MY001-22-0080.pdf","Unpaid","1","2022-04-17 17:53:15","2022-04-17 17:53:15"
"80","6","83","1592","https://api.deemceelive.com/storage/invoice/MY001-22-0081.pdf","Unpaid","1","2022-04-17 21:47:08","2022-04-17 21:47:08"
"81","7","81","1597","https://api.deemceelive.com/storage/invoice/MY001-22-0082.pdf","Unpaid","1","2022-04-19 23:00:48","2022-04-19 23:00:48"
"82","4","87","1609","https://api.deemceelive.com/storage/invoice/MY001-22-0083.pdf","Unpaid","1","2022-04-24 18:00:26","2022-04-24 18:00:26"
"83","3","88","1610","https://api.deemceelive.com/storage/invoice/MY001-22-0084.pdf","Unpaid","1","2022-04-24 18:05:24","2022-04-24 18:05:24"
"84","9","86","1644","https://api.deemceelive.com/storage/invoice/MY001-22-0085.pdf","Unpaid","1","2022-04-29 11:52:47","2022-04-29 11:52:47"
"85","2","94","1716","https://api.deemceelive.com/storage/invoice/MY001-22-0086.pdf","Unpaid","1","2022-05-18 14:14:40","2022-05-18 14:14:40"
"86","8","93","1717","https://api.deemceelive.com/storage/invoice/MY001-22-0087.pdf","Unpaid","1","2022-05-18 14:16:57","2022-05-18 14:16:57"
"87","3","92","1718","https://api.deemceelive.com/storage/invoice/MY001-22-0088.pdf","Unpaid","1","2022-05-18 14:18:55","2022-05-18 14:18:55"
"88","13","90","1719","https://api.deemceelive.com/storage/invoice/MY001-22-0089.pdf","Unpaid","1","2022-05-18 14:29:18","2022-05-18 14:29:18"
"89","4","95","1720","https://api.deemceelive.com/storage/invoice/MY001-22-0090.pdf","Unpaid","1","2022-05-18 14:29:58","2022-05-18 14:29:58"
"90","11","96","1723","https://api.deemceelive.com/storage/invoice/MY001-22-0091.pdf","Unpaid","1","2022-05-20 13:33:36","2022-05-20 13:33:36"
"91","3","97","1743","https://api.deemceelive.com/storage/invoice/MY001-22-0092.pdf","Unpaid","1","2022-05-25 22:28:49","2022-05-25 22:28:49"
"92","4","100","1744","https://api.deemceelive.com/storage/invoice/MY001-22-0093.pdf","Unpaid","1","2022-05-25 22:56:03","2022-05-25 22:56:03"
"93","7","101","1745","https://api.deemceelive.com/storage/invoice/MY001-22-0094.pdf","Unpaid","1","2022-05-25 22:57:07","2022-05-25 22:57:07"
"94","6","99","1755","https://api.deemceelive.com/storage/invoice/MY001-22-0095.pdf","Unpaid","1","2022-05-27 18:46:28","2022-05-27 18:46:28"
"95","9","102","1758","https://api.deemceelive.com/storage/invoice/MY001-22-0096.pdf","Unpaid","1","2022-05-27 19:07:29","2022-05-27 19:07:29"
"96","6","103","1822","https://api.deemceelive.com/storage/invoice/MY001-22-0097.pdf","Unpaid","1","2022-06-03 20:59:40","2022-06-03 20:59:40"
"97","3","107","1835","https://api.deemceelive.com/storage/invoice/MY001-22-0098.pdf","Unpaid","1","2022-06-15 22:15:53","2022-06-15 22:15:53"
"98","5","104","1836","https://api.deemceelive.com/storage/invoice/MY001-22-0099.pdf","Unpaid","1","2022-06-15 22:58:54","2022-06-15 22:58:54"
"99","7","106","1837","https://api.deemceelive.com/storage/invoice/MY001-22-0100.pdf","Unpaid","1","2022-06-15 22:59:06","2022-06-15 22:59:06"
"100","9","105","1845","https://api.deemceelive.com/storage/invoice/MY001-22-0101.pdf","Unpaid","1","2022-06-20 15:32:46","2022-06-20 15:32:46"
"101","7","108","1847","https://api.deemceelive.com/storage/invoice/MY001-22-0102.pdf","Unpaid","1","2022-06-22 22:26:54","2022-06-22 22:26:54"
"102","13","110","1921","https://api.deemceelive.com/storage/invoice/MY001-22-0103.pdf","Unpaid","1","2022-07-08 16:41:09","2022-07-08 16:41:09"
"103","3","111","1948","https://api.deemceelive.com/storage/invoice/MY001-22-0104.pdf","Unpaid","1","2022-07-15 18:13:49","2022-07-15 18:13:49"
"104","11","113","1956","https://api.deemceelive.com/storage/invoice/MY001-22-0105.pdf","Unpaid","1","2022-07-18 15:57:16","2022-07-18 15:57:16"
"105","7","115","1965","https://api.deemceelive.com/storage/invoice/MY001-22-0106.pdf","Unpaid","1","2022-07-20 22:35:40","2022-07-20 22:35:40"
"106","4","114","1966","https://api.deemceelive.com/storage/invoice/MY001-22-0107.pdf","Unpaid","1","2022-07-20 22:46:11","2022-07-20 22:46:11"
"107","5","116","2007","https://api.deemceelive.com/storage/invoice/MY001-22-0108.pdf","Unpaid","1","2022-07-30 18:30:28","2022-07-30 18:30:28"
"108","7","120","2051","https://api.deemceelive.com/storage/invoice/MY001-22-0109.pdf","Unpaid","1","2022-08-03 22:34:25","2022-08-03 22:34:25"
"109","6","122","2063","https://api.deemceelive.com/storage/invoice/MY001-22-0110.pdf","Unpaid","1","2022-08-05 21:05:26","2022-08-05 21:05:26"
"110","9","123","2090","https://api.deemceelive.com/storage/invoice/MY001-22-0111.pdf","Unpaid","1","2022-08-18 09:18:49","2022-08-18 09:18:49"
"111","13","124","2091","https://api.deemceelive.com/storage/invoice/MY001-22-0112.pdf","Unpaid","1","2022-08-18 09:19:18","2022-08-18 09:19:18"
"112","7","125","2106","https://api.deemceelive.com/storage/invoice/MY001-22-0113.pdf","Unpaid","1","2022-08-24 22:35:33","2022-08-24 22:35:33"
"113","3","127","2107","https://api.deemceelive.com/storage/invoice/MY001-22-0114.pdf","Unpaid","1","2022-08-24 22:35:53","2022-08-24 22:35:53"
"114","7","126","2108","https://api.deemceelive.com/storage/invoice/MY001-22-0115.pdf","Unpaid","1","2022-08-24 22:45:17","2022-08-24 22:45:17"
"115","14","133","2243","https://api.deemceelive.com/storage/invoice/MY001-22-0116.pdf","Unpaid","1","2022-09-26 17:51:44","2022-09-26 17:51:44"
"116","6","129","2260","https://api.deemceelive.com/storage/invoice/MY001-22-0117.pdf","Unpaid","1","2022-09-28 23:44:40","2022-09-28 23:44:40"
"117","6","131","2261","https://api.deemceelive.com/storage/invoice/MY001-22-0118.pdf","Unpaid","1","2022-09-28 23:44:45","2022-09-28 23:44:45"
"118","4","130","2262","https://api.deemceelive.com/storage/invoice/MY001-22-0119.pdf","Unpaid","1","2022-09-28 23:51:41","2022-09-28 23:51:41"
"119","14","134","2315","https://api.deemceelive.com/storage/invoice/MY001-22-0120.pdf","Unpaid","1","2022-09-30 12:44:36","2022-09-30 12:44:36"
"120","3","135","2350","https://api.deemceelive.com/storage/invoice/MY001-22-0121.pdf","Unpaid","1","2022-10-03 23:52:43","2022-10-03 23:52:43"
"121","6","136","2351","https://api.deemceelive.com/storage/invoice/MY001-22-0122.pdf","Unpaid","1","2022-10-03 23:53:12","2022-10-03 23:53:12"
"122","2","132","2361","https://api.deemceelive.com/storage/invoice/MY001-22-0123.pdf","Unpaid","1","2022-10-05 15:21:16","2022-10-05 15:21:16"
"123","7","139","2362","https://api.deemceelive.com/storage/invoice/MY001-22-0124.pdf","Unpaid","1","2022-10-05 22:41:48","2022-10-05 22:41:48"
"124","6","137","2366","https://api.deemceelive.com/storage/invoice/MY001-22-0125.pdf","Unpaid","1","2022-10-07 22:33:13","2022-10-07 22:33:13"
"125","3","143","2369","https://api.deemceelive.com/storage/invoice/MY001-22-0126.pdf","Unpaid","1","2022-10-08 17:41:11","2022-10-08 17:41:11"
"126","4","145","2393","https://api.deemceelive.com/storage/invoice/MY001-22-0127.pdf","Unpaid","1","2022-10-12 00:15:25","2022-10-12 00:15:25"
"127","5","142","2396","https://api.deemceelive.com/storage/invoice/MY001-22-0128.pdf","Unpaid","1","2022-10-12 23:17:36","2022-10-12 23:17:36"
"128","3","146","2412","https://api.deemceelive.com/storage/invoice/MY001-22-0129.pdf","Unpaid","1","2022-10-19 16:04:25","2022-10-19 16:04:25"
"129","9","138","2428","https://api.deemceelive.com/storage/invoice/MY001-22-0130.pdf","Unpaid","1","2022-10-22 20:43:00","2022-10-22 20:43:00"
"130","9","144","2429","https://api.deemceelive.com/storage/invoice/MY001-22-0131.pdf","Unpaid","1","2022-10-22 20:43:05","2022-10-22 20:43:05"
"131","2","148","2517","https://api.deemceelive.com/storage/invoice/MY001-22-0132.pdf","Unpaid","1","2022-11-03 12:03:05","2022-11-03 12:03:05"
"132","6","149","2519","https://api.deemceelive.com/storage/invoice/MY001-22-0133.pdf","Unpaid","1","2022-11-04 18:31:03","2022-11-04 18:31:03"
"133","13","150","2534","https://api.deemceelive.com/storage/invoice/MY001-22-0134.pdf","Unpaid","1","2022-11-09 22:48:22","2022-11-09 22:48:22"
"134","7","151","2537","https://api.deemceelive.com/storage/invoice/MY001-22-0135.pdf","Unpaid","1","2022-11-10 12:39:30","2022-11-10 12:39:31"
"135","4","153","2545","https://api.deemceelive.com/storage/invoice/MY001-22-0136.pdf","Unpaid","1","2022-11-16 14:44:16","2022-11-16 14:44:16"
"136","3","154","2559","https://api.deemceelive.com/storage/invoice/MY001-22-0137.pdf","Unpaid","1","2022-11-23 19:32:24","2022-11-23 19:32:24"
"137","4","155","2560","https://api.deemceelive.com/storage/invoice/MY001-22-0138.pdf","Unpaid","1","2022-11-23 21:40:32","2022-11-23 21:40:32"
"138","5","158","2565","https://api.deemceelive.com/storage/invoice/MY001-22-0139.pdf","Unpaid","1","2022-11-27 00:46:55","2022-11-27 00:46:55"
"139","5","156","2566","https://api.deemceelive.com/storage/invoice/MY001-22-0140.pdf","Unpaid","1","2022-11-27 00:47:02","2022-11-27 00:47:02"
"140","14","152","2621","https://api.deemceelive.com/storage/invoice/MY001-22-0141.pdf","Unpaid","1","2022-12-02 16:37:13","2022-12-02 16:37:13"
"141","11","159","2622","https://api.deemceelive.com/storage/invoice/MY001-22-0142.pdf","Unpaid","1","2022-12-02 16:37:19","2022-12-02 16:37:19"
"142","5","160","2694","https://api.deemceelive.com/storage/invoice/MY001-22-0143.pdf","Unpaid","1","2022-12-17 14:59:33","2022-12-17 14:59:33"
"143","9","161","2695","https://api.deemceelive.com/storage/invoice/MY001-22-0144.pdf","Unpaid","1","2022-12-17 14:59:36","2022-12-17 14:59:36"
"144","4","164","2722","https://api.deemceelive.com/storage/invoice/MY001-23-0145.pdf","Unpaid","1","2023-01-06 22:34:25","2023-01-06 22:34:25"
"145","6","163","2727","https://api.deemceelive.com/storage/invoice/MY001-23-0146.pdf","Unpaid","1","2023-01-07 21:24:12","2023-01-07 21:24:12"
"146","7","166","2728","https://api.deemceelive.com/storage/invoice/MY001-23-0147.pdf","Unpaid","1","2023-01-08 12:48:40","2023-01-08 12:48:40"
"147","2","162","2732","https://api.deemceelive.com/storage/invoice/MY001-23-0148.pdf","Unpaid","1","2023-01-11 11:28:14","2023-01-11 11:28:14"
"148","5","167","2733","https://api.deemceelive.com/storage/invoice/MY001-23-0149.pdf","Unpaid","1","2023-01-11 11:41:13","2023-01-11 11:41:13"
"149","6","168","2734","https://api.deemceelive.com/storage/invoice/MY001-23-0150.pdf","Unpaid","1","2023-01-11 15:39:25","2023-01-11 15:39:25"
"150","3","165","2755","https://api.deemceelive.com/storage/invoice/MY001-23-0151.pdf","Unpaid","1","2023-01-14 14:41:52","2023-01-14 14:41:52"
"151","5","170","2835","https://api.deemceelive.com/storage/invoice/MY001-23-0152.pdf","Unpaid","1","2023-02-08 16:28:48","2023-02-08 16:28:48"
"152","2","169","2836","https://api.deemceelive.com/storage/invoice/MY001-23-0152.pdf","Unpaid","1","2023-02-08 16:28:49","2023-02-08 16:28:49"
"153","6","173","2858","https://api.deemceelive.com/storage/invoice/MY001-23-0154.pdf","Unpaid","1","2023-02-15 12:34:52","2023-02-15 12:34:52"
"154","2","171","2859","https://api.deemceelive.com/storage/invoice/MY001-23-0155.pdf","Unpaid","1","2023-02-15 12:41:39","2023-02-15 12:41:39"
"155","7","174","2860","https://api.deemceelive.com/storage/invoice/MY001-23-0156.pdf","Unpaid","1","2023-02-15 12:47:58","2023-02-15 12:47:58"
"156","4","175","2861","https://api.deemceelive.com/storage/invoice/MY001-23-0157.pdf","Unpaid","1","2023-02-16 15:05:56","2023-02-16 15:05:56"
"157","14","172","2867","https://api.deemceelive.com/storage/invoice/MY001-23-0158.pdf","Unpaid","1","2023-02-16 21:02:38","2023-02-16 21:02:38"
"158","13","179","2894","https://api.deemceelive.com/storage/invoice/MY001-23-0159.pdf","Unpaid","1","2023-02-20 22:10:57","2023-02-20 22:10:57"
"159","11","178","2897","https://api.deemceelive.com/storage/invoice/MY001-23-0160.pdf","Unpaid","1","2023-02-20 22:27:26","2023-02-20 22:27:26"
"160","11","176","2898","https://api.deemceelive.com/storage/invoice/MY001-23-0161.pdf","Unpaid","1","2023-02-20 22:27:29","2023-02-20 22:27:29"
"161","4","177","2905","https://api.deemceelive.com/storage/invoice/MY001-23-0162.pdf","Unpaid","1","2023-02-21 10:16:14","2023-02-21 10:16:14"
"162","3","183","2956","https://api.deemceelive.com/storage/invoice/MY001-23-0163.pdf","Unpaid","1","2023-03-01 22:17:58","2023-03-01 22:17:58"
"163","7","184","2957","https://api.deemceelive.com/storage/invoice/MY001-23-0164.pdf","Unpaid","1","2023-03-01 22:18:08","2023-03-01 22:18:08"
"164","9","180","3027","https://api.deemceelive.com/storage/invoice/MY001-23-0165.pdf","Unpaid","1","2023-03-06 16:05:36","2023-03-06 16:05:36"
"165","11","185","3028","https://api.deemceelive.com/storage/invoice/MY001-23-0166.pdf","Unpaid","1","2023-03-06 16:05:42","2023-03-06 16:05:42"
"166","6","186","3058","https://api.deemceelive.com/storage/invoice/MY001-23-0167.pdf","Unpaid","1","2023-03-15 17:03:04","2023-03-15 17:03:04"
"167","2","188","3074","https://api.deemceelive.com/storage/invoice/MY001-23-0168.pdf","Unpaid","1","2023-03-23 03:01:07","2023-03-23 03:01:07"
"168","4","189","3171","https://api.deemceelive.com/storage/invoice/MY001-23-0169.pdf","Unpaid","1","2023-04-06 11:23:13","2023-04-06 11:23:13"
"169","9","190","3173","https://api.deemceelive.com/storage/invoice/MY001-23-0170.pdf","Unpaid","1","2023-04-07 14:39:03","2023-04-07 14:39:03"
"170","8","187","3203","https://api.deemceelive.com/storage/invoice/MY001-23-0171.pdf","Unpaid","1","2023-04-07 16:37:31","2023-04-07 16:37:31"
"171","14","191","3219","https://api.deemceelive.com/storage/invoice/MY001-23-0172.pdf","Unpaid","1","2023-04-08 15:06:25","2023-04-08 15:06:25"
"172","6","193","3274","https://api.deemceelive.com/storage/invoice/MY001-23-0173.pdf","Unpaid","1","2023-04-19 14:20:48","2023-04-19 14:20:48"
"173","5","194","3275","https://api.deemceelive.com/storage/invoice/MY001-23-0174.pdf","Unpaid","1","2023-04-19 15:16:03","2023-04-19 15:16:03"
"174","9","192","3276","https://api.deemceelive.com/storage/invoice/MY001-23-0175.pdf","Unpaid","1","2023-04-19 15:16:20","2023-04-19 15:16:20"
"175","2","196","3307","https://api.deemceelive.com/storage/invoice/MY001-23-0176.pdf","Unpaid","1","2023-04-30 17:16:09","2023-04-30 17:16:09"
"176","3","195","3308","https://api.deemceelive.com/storage/invoice/MY001-23-0177.pdf","Unpaid","1","2023-04-30 17:17:05","2023-04-30 17:17:05"
"177","16","199","3362","https://api.deemceelive.com/storage/invoice/MY001-23-0178.pdf","Unpaid","1","2023-05-08 08:47:56","2023-05-08 08:47:56"
"178","13","200","3369","https://api.deemceelive.com/storage/invoice/MY001-23-0179.pdf","Unpaid","1","2023-05-10 18:26:25","2023-05-10 18:26:25"
"179","3","197","3370","https://api.deemceelive.com/storage/invoice/MY001-23-0180.pdf","Unpaid","1","2023-05-10 20:15:57","2023-05-10 20:15:57"
"180","6","202","3388","https://api.deemceelive.com/storage/invoice/MY001-23-0181.pdf","Unpaid","1","2023-05-17 19:24:14","2023-05-17 19:24:14"
"181","5","203","3389","https://api.deemceelive.com/storage/invoice/MY001-23-0182.pdf","Unpaid","1","2023-05-17 19:46:56","2023-05-17 19:46:56"
"182","4","198","3391","https://api.deemceelive.com/storage/invoice/MY001-23-0183.pdf","Unpaid","1","2023-05-18 11:40:52","2023-05-18 11:40:52"
"183","4","204","3408","https://api.deemceelive.com/storage/invoice/MY001-23-0184.pdf","Unpaid","1","2023-05-25 09:51:13","2023-05-25 09:51:13"
"184","7","201","3409","https://api.deemceelive.com/storage/invoice/MY001-23-0185.pdf","Unpaid","1","2023-05-25 09:51:28","2023-05-25 09:51:28"
"185","9","207","3524","https://api.deemceelive.com/storage/invoice/MY001-23-0186.pdf","Unpaid","1","2023-06-19 09:54:25","2023-06-19 09:54:25"
"186","4","205","3531","https://api.deemceelive.com/storage/invoice/MY001-23-0187.pdf","Unpaid","1","2023-06-21 18:50:24","2023-06-21 18:50:24"
"187","3","206","3532","https://api.deemceelive.com/storage/invoice/MY001-23-0188.pdf","Unpaid","1","2023-06-21 18:54:29","2023-06-21 18:54:29"
"188","9","208","3533","https://api.deemceelive.com/storage/invoice/MY001-23-0189.pdf","Unpaid","1","2023-06-21 18:57:34","2023-06-21 18:57:34"
"189","2","209","3534","https://api.deemceelive.com/storage/invoice/MY001-23-0190.pdf","Unpaid","1","2023-06-21 19:14:52","2023-06-21 19:14:52"
"190","5","212","3572","https://api.deemceelive.com/storage/invoice/MY001-23-0191.pdf","Unpaid","1","2023-07-01 17:21:03","2023-07-01 17:21:03"
"191","13","210","3573","https://api.deemceelive.com/storage/invoice/MY001-23-0192.pdf","Unpaid","1","2023-07-01 17:21:21","2023-07-01 17:21:21"
"192","11","211","3574","https://api.deemceelive.com/storage/invoice/MY001-23-0193.pdf","Unpaid","1","2023-07-01 17:21:36","2023-07-01 17:21:36"
"193","11","213","3575","https://api.deemceelive.com/storage/invoice/MY001-23-0194.pdf","Unpaid","1","2023-07-01 17:21:49","2023-07-01 17:21:49"
"194","6","215","3598","https://api.deemceelive.com/storage/invoice/MY001-23-0195.pdf","Unpaid","1","2023-07-05 17:19:23","2023-07-05 17:19:23"
"195","6","216","3599","https://api.deemceelive.com/storage/invoice/MY001-23-0196.pdf","Unpaid","1","2023-07-05 17:19:29","2023-07-05 17:19:29"
"196","4","221","3656","https://api.deemceelive.com/storage/invoice/MY001-23-0197.pdf","Unpaid","1","2023-07-19 21:44:27","2023-07-19 21:44:27"
"197","7","219","3664","https://api.deemceelive.com/storage/invoice/MY001-23-0198.pdf","Unpaid","1","2023-07-21 17:06:47","2023-07-21 17:06:47"
"198","2","214","3668","https://api.deemceelive.com/storage/invoice/MY001-23-0199.pdf","Unpaid","1","2023-07-21 22:23:48","2023-07-21 22:23:48"
"199","3","220","3669","https://api.deemceelive.com/storage/invoice/MY001-23-0200.pdf","Unpaid","1","2023-07-21 22:24:03","2023-07-21 22:24:03"
"200","14","217","3670","https://api.deemceelive.com/storage/invoice/MY001-23-0201.pdf","Unpaid","1","2023-07-21 22:38:34","2023-07-21 22:38:34"
"201","13","223","3685","https://api.deemceelive.com/storage/invoice/MY001-23-0202.pdf","Unpaid","1","2023-07-27 10:53:59","2023-07-27 10:53:59"
"202","17","224","3686","https://api.deemceelive.com/storage/invoice/MY001-23-0203.pdf","Unpaid","1","2023-07-27 10:58:41","2023-07-27 10:58:41"
"203","2","222","3758","https://api.deemceelive.com/storage/invoice/MY001-23-0204.pdf","Unpaid","1","2023-08-02 17:16:57","2023-08-02 17:16:57"
"204","17","228","3761","https://api.deemceelive.com/storage/invoice/MY001-23-0205.pdf","Unpaid","1","2023-08-02 22:15:05","2023-08-02 22:15:05"
"205","17","227","3762","https://api.deemceelive.com/storage/invoice/MY001-23-0206.pdf","Unpaid","1","2023-08-02 22:19:46","2023-08-02 22:19:46"
"206","5","231","3791","https://api.deemceelive.com/storage/invoice/MY001-23-0207.pdf","Unpaid","1","2023-08-09 20:07:28","2023-08-09 20:07:28"
"207","4","230","3792","https://api.deemceelive.com/storage/invoice/MY001-23-0208.pdf","Unpaid","1","2023-08-09 22:01:54","2023-08-09 22:01:54"
"208","2","229","3793","https://api.deemceelive.com/storage/invoice/MY001-23-0209.pdf","Unpaid","1","2023-08-09 22:07:26","2023-08-09 22:07:26"
"209","6","232","3846","https://api.deemceelive.com/storage/invoice/MY001-23-0211.pdf","Unpaid","1","2023-08-19 13:43:41","2023-08-19 13:43:41"
"210","4","234","3857","https://api.deemceelive.com/storage/invoice/MY001-23-0212.pdf","Unpaid","1","2023-08-23 21:58:14","2023-08-23 21:58:14"
"211","9","233","3876","https://api.deemceelive.com/storage/invoice/MY001-23-0213.pdf","Unpaid","1","2023-08-26 19:52:02","2023-08-26 19:52:02"
"212","3","235","3928","https://api.deemceelive.com/storage/invoice/MY001-23-0214.pdf","Unpaid","1","2023-09-02 16:39:55","2023-09-02 16:39:55"
"213","7","236","3934","https://api.deemceelive.com/storage/invoice/MY001-23-0215.pdf","Unpaid","1","2023-09-02 17:03:12","2023-09-02 17:03:12"
"214","19","239","3972","https://api.deemceelive.com/storage/invoice/MY001-23-0216.pdf","Unpaid","1","2023-09-14 22:16:54","2023-09-14 22:16:54"
"215","19","241","3973","https://api.deemceelive.com/storage/invoice/MY001-23-0217.pdf","Unpaid","1","2023-09-14 22:17:06","2023-09-14 22:17:06"
"216","18","240","3974","https://api.deemceelive.com/storage/invoice/MY001-23-0218.pdf","Unpaid","1","2023-09-14 22:17:39","2023-09-14 22:17:39"
"217","4","238","3975","https://api.deemceelive.com/storage/invoice/MY001-23-0219.pdf","Unpaid","1","2023-09-15 17:19:39","2023-09-15 17:19:39"
"218","5","237","3983","https://api.deemceelive.com/storage/invoice/MY001-23-0220.pdf","Unpaid","1","2023-09-20 15:39:35","2023-09-20 15:39:35"
"219","16","242","3994","https://api.deemceelive.com/storage/invoice/MY001-23-0221.pdf","Unpaid","1","2023-09-23 14:06:08","2023-09-23 14:06:08"
"220","3","243","4061","https://api.deemceelive.com/storage/invoice/MY001-23-0222.pdf","Unpaid","1","2023-10-01 16:49:44","2023-10-01 16:49:44"
"221","11","244","4062","https://api.deemceelive.com/storage/invoice/MY001-23-0223.pdf","Unpaid","1","2023-10-01 16:56:59","2023-10-01 16:56:59"
"222","3","247","4118","https://api.deemceelive.com/storage/invoice/MY001-23-0224.pdf","Unpaid","1","2023-10-06 17:06:38","2023-10-06 17:06:38"
"223","2","245","4119","https://api.deemceelive.com/storage/invoice/MY001-23-0225.pdf","Unpaid","1","2023-10-06 17:17:21","2023-10-06 17:17:21"
"224","17","246","4120","https://api.deemceelive.com/storage/invoice/MY001-23-0226.pdf","Unpaid","1","2023-10-06 17:17:24","2023-10-06 17:17:24"
"225","11","248","4134","https://api.deemceelive.com/storage/invoice/MY001-23-0227.pdf","Unpaid","1","2023-10-11 22:37:44","2023-10-11 22:37:44"
"226","6","250","4155","https://api.deemceelive.com/storage/invoice/MY001-23-0228.pdf","Unpaid","1","2023-10-14 16:05:52","2023-10-14 16:05:52"
"227","19","249","4204","https://api.deemceelive.com/storage/invoice/MY001-23-0229.pdf","Unpaid","1","2023-10-25 20:29:42","2023-10-25 20:29:42"
"228","19","255","4205","https://api.deemceelive.com/storage/invoice/MY001-23-0230.pdf","Unpaid","1","2023-10-25 21:52:16","2023-10-25 21:52:16"
"229","2","257","4206","https://api.deemceelive.com/storage/invoice/MY001-23-0231.pdf","Unpaid","1","2023-10-25 22:09:24","2023-10-25 22:09:24"
"230","2","252","4207","https://api.deemceelive.com/storage/invoice/MY001-23-0232.pdf","Unpaid","1","2023-10-25 22:09:29","2023-10-25 22:09:29"
"231","18","251","4208","https://api.deemceelive.com/storage/invoice/MY001-23-0233.pdf","Unpaid","1","2023-10-25 22:13:33","2023-10-25 22:13:33"
"232","4","253","4209","https://api.deemceelive.com/storage/invoice/MY001-23-0234.pdf","Unpaid","1","2023-10-25 22:16:58","2023-10-25 22:16:58"
"233","14","254","4210","https://api.deemceelive.com/storage/invoice/MY001-23-0235.pdf","Unpaid","1","2023-10-25 22:20:58","2023-10-25 22:20:58"
"234","20","258","4213","https://api.deemceelive.com/storage/invoice/MY001-23-0236.pdf","Unpaid","1","2023-10-26 19:04:39","2023-10-26 19:04:39"
"235","20","259","4248","https://api.deemceelive.com/storage/invoice/MY001-23-0237.pdf","Unpaid","1","2023-11-01 23:58:43","2023-11-01 23:58:43"
"236","5","262","4323","https://api.deemceelive.com/storage/invoice/MY001-23-0238.pdf","Unpaid","1","2023-11-12 08:48:17","2023-11-12 08:48:17"
"237","7","260","4324","https://api.deemceelive.com/storage/invoice/MY001-23-0239.pdf","Unpaid","1","2023-11-12 09:02:51","2023-11-12 09:02:51"
"238","20","263","4325","https://api.deemceelive.com/storage/invoice/MY001-23-0240.pdf","Unpaid","1","2023-11-12 09:09:39","2023-11-12 09:09:39"
"239","4","264","4352","https://api.deemceelive.com/storage/invoice/MY001-23-0241.pdf","Unpaid","1","2023-11-22 21:28:48","2023-11-22 21:28:48"
"240","3","265","4353","https://api.deemceelive.com/storage/invoice/MY001-23-0242.pdf","Unpaid","1","2023-11-22 21:30:37","2023-11-22 21:30:37"
"241","6","266","4354","https://api.deemceelive.com/storage/invoice/MY001-23-0243.pdf","Unpaid","1","2023-11-22 21:35:00","2023-11-22 21:35:00"
"242","4","268","4380","https://api.deemceelive.com/storage/invoice/MY001-23-0244.pdf","Unpaid","1","2023-11-29 22:00:09","2023-11-29 22:00:09"
"243","2","267","4398","https://api.deemceelive.com/storage/invoice/MY001-23-0245.pdf","Unpaid","1","2023-12-01 12:59:56","2023-12-01 12:59:56"
"244","5","270","4405","https://api.deemceelive.com/storage/invoice/MY001-23-0246.pdf","Unpaid","1","2023-12-02 00:20:01","2023-12-02 00:20:01"
"245","9","269","4406","https://api.deemceelive.com/storage/invoice/MY001-23-0247.pdf","Unpaid","1","2023-12-02 00:20:05","2023-12-02 00:20:06"
"246","19","271","4438","https://api.deemceelive.com/storage/invoice/MY001-23-0248.pdf","Unpaid","1","2023-12-04 02:32:02","2023-12-04 02:32:02"
"247","8","272","4439","https://api.deemceelive.com/storage/invoice/MY001-23-0249.pdf","Unpaid","1","2023-12-04 02:32:54","2023-12-04 02:32:54"
"248","20","273","4440","https://api.deemceelive.com/storage/invoice/MY001-23-0250.pdf","Unpaid","1","2023-12-04 02:33:53","2023-12-04 02:33:53"
"249","9","274","4450","https://api.deemceelive.com/storage/invoice/MY001-23-0251.pdf","Unpaid","1","2023-12-08 15:39:19","2023-12-08 15:39:19"
"250","22","281","4487","https://api.deemceelive.com/storage/invoice/MY001-23-0252.pdf","Unpaid","1","2023-12-14 23:01:32","2023-12-14 23:01:32"
"251","22","280","4488","https://api.deemceelive.com/storage/invoice/MY001-23-0253.pdf","Unpaid","1","2023-12-14 23:01:37","2023-12-14 23:01:37"
"252","16","277","4489","https://api.deemceelive.com/storage/invoice/MY001-23-0253.pdf","Unpaid","1","2023-12-14 23:01:38","2023-12-14 23:01:38"
"253","23","279","4490","https://api.deemceelive.com/storage/invoice/MY001-23-0255.pdf","Unpaid","1","2023-12-14 23:01:49","2023-12-14 23:01:50"
"254","23","278","4491","https://api.deemceelive.com/storage/invoice/MY001-23-0256.pdf","Unpaid","1","2023-12-14 23:01:55","2023-12-14 23:01:55"
"255","21","276","4492","https://api.deemceelive.com/storage/invoice/MY001-23-0257.pdf","Unpaid","1","2023-12-14 23:13:42","2023-12-14 23:13:42"
"256","11","282","4495","https://api.deemceelive.com/storage/invoice/MY001-23-0258.pdf","Unpaid","1","2023-12-15 14:33:14","2023-12-15 14:33:14"
"257","23","283","4540","https://api.deemceelive.com/storage/invoice/MY001-23-0259.pdf","Unpaid","1","2023-12-28 11:14:21","2023-12-28 11:14:21"
"258","22","285","4642","https://api.deemceelive.com/storage/invoice/MY001-24-0260.pdf","Unpaid","1","2024-01-14 10:58:45","2024-01-14 10:58:45"
"259","24","286","4643","https://api.deemceelive.com/storage/invoice/MY001-24-0261.pdf","Unpaid","1","2024-01-14 10:58:52","2024-01-14 10:58:52"
"260","2","284","4648","https://api.deemceelive.com/storage/invoice/MY001-24-0262.pdf","Unpaid","1","2024-01-18 14:33:08","2024-01-18 14:33:08"
"261","20","289","4649","https://api.deemceelive.com/storage/invoice/MY001-24-0263.pdf","Unpaid","1","2024-01-18 14:33:15","2024-01-18 14:33:15"
"262","23","288","4650","https://api.deemceelive.com/storage/invoice/MY001-24-0264.pdf","Unpaid","1","2024-01-18 14:33:21","2024-01-18 14:33:21"
"263","24","290","4651","https://api.deemceelive.com/storage/invoice/MY001-24-0265.pdf","Unpaid","1","2024-01-18 14:33:36","2024-01-18 14:33:36"
"264","3","287","4652","https://api.deemceelive.com/storage/invoice/MY001-24-0266.pdf","Unpaid","1","2024-01-18 14:34:09","2024-01-18 14:34:09"
"265","19","291","4674","https://api.deemceelive.com/storage/invoice/MY001-24-0267.pdf","Unpaid","1","2024-01-23 10:15:36","2024-01-23 10:15:36"
"266","9","292","4675","https://api.deemceelive.com/storage/invoice/MY001-24-0268.pdf","Unpaid","1","2024-01-23 10:15:52","2024-01-23 10:15:52"
"267","3","293","4676","https://api.deemceelive.com/storage/invoice/MY001-24-0269.pdf","Unpaid","1","2024-01-23 10:16:06","2024-01-23 10:16:06"
"268","13","294","4677","https://api.deemceelive.com/storage/invoice/MY001-24-0270.pdf","Unpaid","1","2024-01-23 10:16:16","2024-01-23 10:16:16"
"269","7","295","4680","https://api.deemceelive.com/storage/invoice/MY001-24-0271.pdf","Unpaid","1","2024-01-24 16:09:27","2024-01-24 16:09:27"
"270","7","295","4681","https://api.deemceelive.com/storage/invoice/MY001-24-0272.pdf","Unpaid","1","2024-01-24 16:09:27","2024-01-24 16:09:27"
"271","17","297","4714","https://api.deemceelive.com/storage/invoice/MY001-24-0273.pdf","Unpaid","1","2024-01-29 13:42:57","2024-01-29 13:42:57"
"272","4","296","4814","https://api.deemceelive.com/storage/invoice/MY001-24-0274.pdf","Unpaid","1","2024-02-22 13:56:50","2024-02-22 13:56:50"
"273","5","298","4815","https://api.deemceelive.com/storage/invoice/MY001-24-0275.pdf","Unpaid","1","2024-02-22 13:57:00","2024-02-22 13:57:00"
"274","4","304","4923","https://api.deemceelive.com/storage/invoice/MY001-24-0276.pdf","Unpaid","1","2024-03-13 22:38:49","2024-03-13 22:38:49"
"275","17","300","4961","https://api.deemceelive.com/storage/invoice/MY001-24-0277.pdf","Unpaid","1","2024-03-19 11:12:30","2024-03-19 11:12:30"
"276","2","306","4962","https://api.deemceelive.com/storage/invoice/MY001-24-0278.pdf","Unpaid","1","2024-03-19 11:13:02","2024-03-19 11:13:02"
"277","6","308","4969","https://api.deemceelive.com/storage/invoice/MY001-24-0279.pdf","Unpaid","1","2024-03-20 19:41:52","2024-03-20 19:41:52"
"278","24","299","4993","https://api.deemceelive.com/storage/invoice/MY001-24-0280.pdf","Unpaid","1","2024-03-25 11:23:14","2024-03-25 11:23:14"
"279","24","301","4994","https://api.deemceelive.com/storage/invoice/MY001-24-0281.pdf","Unpaid","1","2024-03-25 11:23:29","2024-03-25 11:23:29"
"280","11","302","4995","https://api.deemceelive.com/storage/invoice/MY001-24-0282.pdf","Unpaid","1","2024-03-25 11:23:58","2024-03-25 11:23:58"
"281","24","303","4996","https://api.deemceelive.com/storage/invoice/MY001-24-0283.pdf","Unpaid","1","2024-03-25 11:24:23","2024-03-25 11:24:23"
"282","13","305","4997","https://api.deemceelive.com/storage/invoice/MY001-24-0284.pdf","Unpaid","1","2024-03-25 11:25:07","2024-03-25 11:25:07"
"283","24","307","4998","https://api.deemceelive.com/storage/invoice/MY001-24-0285.pdf","Unpaid","1","2024-03-25 11:25:49","2024-03-25 11:25:49"
"284","25","312","5001","https://api.deemceelive.com/storage/invoice/MY001-24-0286.pdf","Unpaid","1","2024-03-26 10:52:22","2024-03-26 10:52:22"
"285","25","311","5002","https://api.deemceelive.com/storage/invoice/MY001-24-0287.pdf","Unpaid","1","2024-03-26 10:52:36","2024-03-26 10:52:36"
"286","11","313","5007","https://api.deemceelive.com/storage/invoice/MY001-24-0288.pdf","Unpaid","1","2024-03-26 13:41:32","2024-03-26 13:41:32"
"287","19","309","5008","https://api.deemceelive.com/storage/invoice/MY001-24-0289.pdf","Unpaid","1","2024-03-26 14:59:57","2024-03-26 14:59:57"
"288","19","314","5009","https://api.deemceelive.com/storage/invoice/MY001-24-0290.pdf","Unpaid","1","2024-03-26 15:00:12","2024-03-26 15:00:12"
"289","25","310","5010","https://api.deemceelive.com/storage/invoice/MY001-24-0291.pdf","Unpaid","1","2024-03-26 15:05:50","2024-03-26 15:05:50"
"290","25","315","5091","https://api.deemceelive.com/storage/invoice/MY001-24-0292.pdf","Unpaid","1","2024-04-04 10:08:10","2024-04-04 10:08:10"
"291","23","316","5092","https://api.deemceelive.com/storage/invoice/MY001-24-0293.pdf","Unpaid","1","2024-04-04 10:11:09","2024-04-04 10:11:09"
"292","27","317","5135","https://api.deemceelive.com/storage/invoice/MY001-24-0294.pdf","Unpaid","1","2024-04-06 12:35:41","2024-04-06 12:35:41"
"293","17","318","5153","https://api.deemceelive.com/storage/invoice/MY001-24-0295.pdf","Unpaid","1","2024-04-09 09:20:24","2024-04-09 09:20:24"
"294","25","320","5154","https://api.deemceelive.com/storage/invoice/MY001-24-0296.pdf","Unpaid","1","2024-04-09 09:22:27","2024-04-09 09:22:27"
"295","17","319","5155","https://api.deemceelive.com/storage/invoice/MY001-24-0297.pdf","Unpaid","1","2024-04-09 09:57:00","2024-04-09 09:57:00"
"296","20","324","5211","https://api.deemceelive.com/storage/invoice/MY001-24-0298.pdf","Unpaid","1","2024-04-23 12:00:30","2024-04-23 12:00:30"
"297","24","323","5212","https://api.deemceelive.com/storage/invoice/MY001-24-0299.pdf","Unpaid","1","2024-04-23 12:00:41","2024-04-23 12:00:41"
"298","14","322","5213","https://api.deemceelive.com/storage/invoice/MY001-24-0300.pdf","Unpaid","1","2024-04-23 12:00:54","2024-04-23 12:00:54"
"299","2","321","5214","https://api.deemceelive.com/storage/invoice/MY001-24-0301.pdf","Unpaid","1","2024-04-23 12:01:02","2024-04-23 12:01:02"
"300","17","326","5232","https://api.deemceelive.com/storage/invoice/MY001-24-0302.pdf","Unpaid","1","2024-04-25 10:10:05","2024-04-25 10:10:05"
"301","7","325","5233","https://api.deemceelive.com/storage/invoice/MY001-24-0303.pdf","Unpaid","1","2024-04-25 10:10:21","2024-04-25 10:10:21"
"302","16","327","5260","https://api.deemceelive.com/storage/invoice/MY001-24-0304.pdf","Unpaid","1","2024-04-30 11:00:20","2024-04-30 11:00:20"
"303","21","328","5261","https://api.deemceelive.com/storage/invoice/MY001-24-0305.pdf","Unpaid","1","2024-04-30 11:03:36","2024-04-30 11:03:37"
"304","8","329","5262","https://api.deemceelive.com/storage/invoice/MY001-24-0306.pdf","Unpaid","1","2024-04-30 11:07:14","2024-04-30 11:07:14"
"305","4","330","5263","https://api.deemceelive.com/storage/invoice/MY001-24-0307.pdf","Unpaid","1","2024-04-30 11:12:08","2024-04-30 11:12:08"
"306","18","331","5264","https://api.deemceelive.com/storage/invoice/MY001-24-0308.pdf","Unpaid","1","2024-04-30 11:13:03","2024-04-30 11:13:03"
"307","18","332","5265","https://api.deemceelive.com/storage/invoice/MY001-24-0309.pdf","Unpaid","1","2024-04-30 11:13:10","2024-04-30 11:13:10"
"308","22","333","5304","https://api.deemceelive.com/storage/invoice/MY001-24-0310.pdf","Unpaid","1","2024-05-03 12:08:19","2024-05-03 12:08:19"
"309","27","334","5307","https://api.deemceelive.com/storage/invoice/MY001-24-0311.pdf","Unpaid","1","2024-05-03 12:20:31","2024-05-03 12:20:31"
"310","25","335","5308","https://api.deemceelive.com/storage/invoice/MY001-24-0312.pdf","Unpaid","1","2024-05-03 12:22:27","2024-05-03 12:22:27"
"311","5","336","5309","https://api.deemceelive.com/storage/invoice/MY001-24-0313.pdf","Unpaid","1","2024-05-03 12:24:20","2024-05-03 12:24:20"
"312","23","337","5310","https://api.deemceelive.com/storage/invoice/MY001-24-0314.pdf","Unpaid","1","2024-05-03 12:26:20","2024-05-03 12:26:20"
"313","19","338","5311","https://api.deemceelive.com/storage/invoice/MY001-24-0315.pdf","Unpaid","1","2024-05-03 12:27:26","2024-05-03 12:27:26"
"314","2","339","5312","https://api.deemceelive.com/storage/invoice/MY001-24-0316.pdf","Unpaid","1","2024-05-03 12:29:51","2024-05-03 12:29:51"
"315","20","340","5313","https://api.deemceelive.com/storage/invoice/MY001-24-0317.pdf","Unpaid","1","2024-05-03 12:31:53","2024-05-03 12:31:53"
"316","24","341","5335","https://api.deemceelive.com/storage/invoice/MY001-24-0318.pdf","Unpaid","1","2024-05-04 13:46:04","2024-05-04 13:46:04"
"317","18","342","5341","https://api.deemceelive.com/storage/invoice/MY001-24-0319.pdf","Unpaid","1","2024-05-07 11:18:23","2024-05-07 11:18:23"
"318","25","343","5342","https://api.deemceelive.com/storage/invoice/MY001-24-0320.pdf","Unpaid","1","2024-05-07 11:18:33","2024-05-07 11:18:33"
"319","2","345","5343","https://api.deemceelive.com/storage/invoice/MY001-24-0321.pdf","Unpaid","1","2024-05-07 11:32:19","2024-05-07 11:32:19"
"320","8","346","5344","https://api.deemceelive.com/storage/invoice/MY001-24-0322.pdf","Unpaid","1","2024-05-07 11:32:26","2024-05-07 11:32:26"
"321","6","347","5405","https://api.deemceelive.com/storage/invoice/MY001-24-0323.pdf","Unpaid","1","2024-05-16 11:23:38","2024-05-16 11:23:39"
"322","17","348","5438","https://api.deemceelive.com/storage/invoice/MY001-24-0324.pdf","Unpaid","1","2024-05-21 11:57:14","2024-05-21 11:57:14"
"323","4","349","5439","https://api.deemceelive.com/storage/invoice/MY001-24-0325.pdf","Unpaid","1","2024-05-21 12:06:44","2024-05-21 12:06:44"
"324","4","350","5440","https://api.deemceelive.com/storage/invoice/MY001-24-0326.pdf","Unpaid","1","2024-05-21 12:06:51","2024-05-21 12:06:51"
"325","2","352","5471","https://api.deemceelive.com/storage/invoice/MY001-24-0327.pdf","Unpaid","1","2024-05-29 09:48:56","2024-05-29 09:48:56"
"326","27","351","5472","https://api.deemceelive.com/storage/invoice/MY001-24-0328.pdf","Unpaid","1","2024-05-29 09:49:04","2024-05-29 09:49:04"
"327","24","353","5548","https://api.deemceelive.com/storage/invoice/MY001-24-0329.pdf","Unpaid","1","2024-06-06 13:17:53","2024-06-06 13:17:53"
"328","2","354","5549","https://api.deemceelive.com/storage/invoice/MY001-24-0330.pdf","Unpaid","1","2024-06-06 13:27:42","2024-06-06 13:27:42"
"329","7","355","5583","https://api.deemceelive.com/storage/invoice/MY001-24-0331.pdf","Unpaid","1","2024-06-11 14:12:35","2024-06-11 14:12:35"
"330","4","356","5584","https://api.deemceelive.com/storage/invoice/MY001-24-0332.pdf","Unpaid","1","2024-06-11 14:15:45","2024-06-11 14:15:45"
"331","17","357","5585","https://api.deemceelive.com/storage/invoice/MY001-24-0333.pdf","Unpaid","1","2024-06-11 14:17:25","2024-06-11 14:17:25"
"332","9","358","5587","https://api.deemceelive.com/storage/invoice/MY001-24-0334.pdf","Unpaid","1","2024-06-11 14:19:58","2024-06-11 14:19:58"
"333","28","359","5631","https://api.deemceelive.com/storage/invoice/MY001-24-0335.pdf","Unpaid","1","2024-06-20 12:08:36","2024-06-20 12:08:36"
"334","25","361","5632","https://api.deemceelive.com/storage/invoice/MY001-24-0336.pdf","Unpaid","1","2024-06-20 13:30:43","2024-06-20 13:30:43"
"335","11","360","5633","https://api.deemceelive.com/storage/invoice/MY001-24-0337.pdf","Unpaid","1","2024-06-20 13:30:55","2024-06-20 13:30:55"
"336","5","362","5743","https://api.deemceelive.com/storage/invoice/MY001-24-0338.pdf","Unpaid","1","2024-07-04 11:03:31","2024-07-04 11:03:31"
"337","19","363","5744","https://api.deemceelive.com/storage/invoice/MY001-24-0339.pdf","Unpaid","1","2024-07-04 11:03:41","2024-07-04 11:03:41"
"338","19","365","5745","https://api.deemceelive.com/storage/invoice/MY001-24-0340.pdf","Unpaid","1","2024-07-04 11:03:54","2024-07-04 11:03:54"
"339","6","364","5746","https://api.deemceelive.com/storage/invoice/MY001-24-0341.pdf","Unpaid","1","2024-07-04 11:06:07","2024-07-04 11:06:07"
"340","18","367","5747","https://api.deemceelive.com/storage/invoice/MY001-24-0342.pdf","Unpaid","1","2024-07-04 11:12:32","2024-07-04 11:12:32"
"341","22","366","5748","https://api.deemceelive.com/storage/invoice/MY001-24-0343.pdf","Unpaid","1","2024-07-04 11:12:43","2024-07-04 11:12:43"
"342","2","368","5790","https://api.deemceelive.com/storage/invoice/MY001-24-0344.pdf","Unpaid","1","2024-07-09 10:30:11","2024-07-09 10:30:11"
"343","18","369","5791","https://api.deemceelive.com/storage/invoice/MY001-24-0345.pdf","Unpaid","1","2024-07-09 10:33:53","2024-07-09 10:33:53"
"344","27","370","5792","https://api.deemceelive.com/storage/invoice/MY001-24-0346.pdf","Unpaid","1","2024-07-09 10:41:39","2024-07-09 10:41:39"
"345","4","371","5816","https://api.deemceelive.com/storage/invoice/MY001-24-0347.pdf","Unpaid","1","2024-07-11 11:40:00","2024-07-11 11:40:00"
"346","2","375","5818","https://api.deemceelive.com/storage/invoice/MY001-24-0348.pdf","Unpaid","1","2024-07-11 12:10:58","2024-07-11 12:10:58"
"347","25","372","5819","https://api.deemceelive.com/storage/invoice/MY001-24-0349.pdf","Unpaid","1","2024-07-11 12:46:08","2024-07-11 12:46:08"
"348","7","373","5820","https://api.deemceelive.com/storage/invoice/MY001-24-0350.pdf","Unpaid","1","2024-07-11 13:23:02","2024-07-11 13:23:02"
"349","19","374","5821","https://api.deemceelive.com/storage/invoice/MY001-24-0351.pdf","Unpaid","1","2024-07-11 13:31:20","2024-07-11 13:31:20"
"350","16","376","5832","https://api.deemceelive.com/storage/invoice/MY001-24-0352.pdf","Unpaid","1","2024-07-11 13:54:23","2024-07-11 13:54:23"
"351","24","377","5873","https://api.deemceelive.com/storage/invoice/MY001-24-0353.pdf","Unpaid","1","2024-07-16 11:34:47","2024-07-16 11:34:47"
"352","18","379","5889","https://api.deemceelive.com/storage/invoice/MY001-24-0354.pdf","Unpaid","1","2024-07-19 14:51:30","2024-07-19 14:51:31"
"353","3","378","5908","https://api.deemceelive.com/storage/invoice/MY001-24-0355.pdf","Unpaid","1","2024-07-23 10:15:15","2024-07-23 10:15:15"
"354","28","380","5909","https://api.deemceelive.com/storage/invoice/MY001-24-0356.pdf","Unpaid","1","2024-07-23 10:32:27","2024-07-23 10:32:27"
"355","22","382","5910","https://api.deemceelive.com/storage/invoice/MY001-24-0357.pdf","Unpaid","1","2024-07-23 10:51:16","2024-07-23 10:51:16"
"356","2","381","5911","https://api.deemceelive.com/storage/invoice/MY001-24-0358.pdf","Unpaid","1","2024-07-23 10:57:02","2024-07-23 10:57:02"
"357","2","383","5952","https://api.deemceelive.com/storage/invoice/MY001-24-0365.pdf","Unpaid","1","2024-07-30 09:40:53","2024-07-30 09:40:53"
"358","20","384","5953","https://api.deemceelive.com/storage/invoice/MY001-24-0366.pdf","Unpaid","1","2024-07-30 09:50:33","2024-07-30 09:50:33"
"359","18","385","5954","https://api.deemceelive.com/storage/invoice/MY001-24-0367.pdf","Unpaid","1","2024-07-30 09:57:22","2024-07-30 09:57:22"
"360","24","386","6034","https://api.deemceelive.com/storage/invoice/MY001-24-0374.pdf","Unpaid","1","2024-08-06 10:22:31","2024-08-06 10:22:31"
"361","24","386","6035","https://api.deemceelive.com/storage/invoice/MY001-24-0375.pdf","Unpaid","1","2024-08-06 10:22:32","2024-08-06 10:22:32"
"362","27","387","6094","https://api.deemceelive.com/storage/invoice/MY001-24-0376.pdf","Unpaid","1","2024-08-13 10:58:47","2024-08-13 10:58:47"
"363","25","388","6095","https://api.deemceelive.com/storage/invoice/MY001-24-0377.pdf","Unpaid","1","2024-08-13 11:02:38","2024-08-13 11:02:38"
"364","7","389","6096","https://api.deemceelive.com/storage/invoice/MY001-24-0378.pdf","Unpaid","1","2024-08-13 11:04:54","2024-08-13 11:04:54"
"365","23","390","6097","https://api.deemceelive.com/storage/invoice/MY001-24-0379.pdf","Unpaid","1","2024-08-13 11:10:49","2024-08-13 11:10:49"
"366","9","391","6146","https://api.deemceelive.com/storage/invoice/MY001-24-0380.pdf","Unpaid","1","2024-08-20 11:31:49","2024-08-20 11:31:49"
"367","16","392","6147","https://api.deemceelive.com/storage/invoice/MY001-24-0381.pdf","Unpaid","1","2024-08-20 11:33:10","2024-08-20 11:33:10"
"368","17","393","6148","https://api.deemceelive.com/storage/invoice/MY001-24-0382.pdf","Unpaid","1","2024-08-20 11:50:34","2024-08-20 11:50:34"
"369","5","394","6149","https://api.deemceelive.com/storage/invoice/MY001-24-0383.pdf","Unpaid","1","2024-08-20 12:55:15","2024-08-20 12:55:15"
"370","28","395","6150","https://api.deemceelive.com/storage/invoice/MY001-24-0384.pdf","Unpaid","1","2024-08-20 12:59:30","2024-08-20 12:59:30"
"371","13","396","6151","https://api.deemceelive.com/storage/invoice/MY001-24-0385.pdf","Unpaid","1","2024-08-20 15:17:26","2024-08-20 15:17:26"
"372","6","398","6181","https://api.deemceelive.com/storage/invoice/MY001-24-0386.pdf","Unpaid","1","2024-08-22 20:21:12","2024-08-22 20:21:12"
"373","4","397","6196","https://api.deemceelive.com/storage/invoice/MY001-24-0387.pdf","Unpaid","1","2024-08-26 09:41:36","2024-08-26 09:41:36"
"374","25","399","6288","https://api.deemceelive.com/storage/invoice/MY001-24-0389.pdf","Unpaid","1","2024-09-04 10:12:44","2024-09-04 10:12:44"
"375","30","400","6289","https://api.deemceelive.com/storage/invoice/MY001-24-0390.pdf","Unpaid","1","2024-09-04 10:12:57","2024-09-04 10:12:57"
"376","19","402","6290","https://api.deemceelive.com/storage/invoice/MY001-24-0391.pdf","Unpaid","1","2024-09-04 10:45:00","2024-09-04 10:45:00"
"377","29","403","6291","https://api.deemceelive.com/storage/invoice/MY001-24-0392.pdf","Unpaid","1","2024-09-04 14:59:28","2024-09-04 14:59:28"
"378","29","404","6292","https://api.deemceelive.com/storage/invoice/MY001-24-0393.pdf","Unpaid","1","2024-09-04 14:59:36","2024-09-04 14:59:36"
"379","27","401","6293","https://api.deemceelive.com/storage/invoice/MY001-24-0394.pdf","Unpaid","1","2024-09-04 15:29:40","2024-09-04 15:29:40"
"380","14","405","6353","https://api.deemceelive.com/storage/invoice/MY001-24-0395.pdf","Unpaid","1","2024-09-11 12:21:47","2024-09-11 12:21:47"
"381","29","407","6354","https://api.deemceelive.com/storage/invoice/MY001-24-0396.pdf","Unpaid","1","2024-09-11 12:25:10","2024-09-11 12:25:10"
"382","24","408","6355","https://api.deemceelive.com/storage/invoice/MY001-24-0397.pdf","Unpaid","1","2024-09-11 12:27:04","2024-09-11 12:27:04"
"383","4","409","6356","https://api.deemceelive.com/storage/invoice/MY001-24-0398.pdf","Unpaid","1","2024-09-11 12:31:52","2024-09-11 12:31:53"
"384","31","410","6357","https://api.deemceelive.com/storage/invoice/MY001-24-0399.pdf","Unpaid","1","2024-09-11 12:39:00","2024-09-11 12:39:00"
"385","25","406","6358","https://api.deemceelive.com/storage/invoice/MY001-24-0400.pdf","Unpaid","1","2024-09-11 14:15:32","2024-09-11 14:15:32"
"386","8","411","6359","https://api.deemceelive.com/storage/invoice/MY001-24-0401.pdf","Unpaid","1","2024-09-11 15:00:23","2024-09-11 15:00:23"
"387","31","412","6374","https://api.deemceelive.com/storage/invoice/MY001-24-0402.pdf","Unpaid","1","2024-09-12 11:41:50","2024-09-12 11:41:50"
"388","21","413","6426","https://api.deemceelive.com/storage/invoice/MY001-24-0403.pdf","Unpaid","1","2024-09-18 11:44:44","2024-09-18 11:44:44"
"389","3","414","6427","https://api.deemceelive.com/storage/invoice/MY001-24-0404.pdf","Unpaid","1","2024-09-18 11:44:56","2024-09-18 11:44:56"
"390","20","415","6428","https://api.deemceelive.com/storage/invoice/MY001-24-0405.pdf","Unpaid","1","2024-09-18 12:03:47","2024-09-18 12:03:47"
"391","4","417","6442","https://api.deemceelive.com/storage/invoice/MY001-24-0406.pdf","Unpaid","1","2024-09-19 12:17:06","2024-09-19 12:17:06"
"392","31","418","6443","https://api.deemceelive.com/storage/invoice/MY001-24-0407.pdf","Unpaid","1","2024-09-19 12:42:22","2024-09-19 12:42:22"
"393","31","419","6444","https://api.deemceelive.com/storage/invoice/MY001-24-0408.pdf","Unpaid","1","2024-09-19 12:42:29","2024-09-19 12:42:29"
"394","24","420","6481","https://api.deemceelive.com/storage/invoice/MY001-24-0409.pdf","Unpaid","1","2024-09-25 12:07:01","2024-09-25 12:07:01"
"395","19","421","6482","https://api.deemceelive.com/storage/invoice/MY001-24-0410.pdf","Unpaid","1","2024-09-25 12:09:20","2024-09-25 12:09:20"
"396","23","422","6483","https://api.deemceelive.com/storage/invoice/MY001-24-0411.pdf","Unpaid","1","2024-09-25 12:21:11","2024-09-25 12:21:11"
"397","24","423","6484","https://api.deemceelive.com/storage/invoice/MY001-24-0412.pdf","Unpaid","1","2024-09-25 12:22:11","2024-09-25 12:22:11"
"398","22","424","6485","https://api.deemceelive.com/storage/invoice/MY001-24-0413.pdf","Unpaid","1","2024-09-25 12:27:43","2024-09-25 12:27:43"
"399","31","426","6491","https://api.deemceelive.com/storage/invoice/MY001-24-0414.pdf","Unpaid","1","2024-09-26 10:12:36","2024-09-26 10:12:36"
"400","31","425","6558","https://api.deemceelive.com/storage/invoice/MY001-24-0416.pdf","Unpaid","1","2024-10-01 10:12:02","2024-10-01 10:12:02"
"401","11","427","6559","https://api.deemceelive.com/storage/invoice/MY001-24-0417.pdf","Unpaid","1","2024-10-01 10:25:54","2024-10-01 10:25:54"
"402","29","428","6560","https://api.deemceelive.com/storage/invoice/MY001-24-0418.pdf","Unpaid","1","2024-10-01 10:29:47","2024-10-01 10:29:47"
"403","30","429","6561","https://api.deemceelive.com/storage/invoice/MY001-24-0419.pdf","Unpaid","1","2024-10-01 10:44:19","2024-10-01 10:44:19"
"404","24","430","6562","https://api.deemceelive.com/storage/invoice/MY001-24-0420.pdf","Unpaid","1","2024-10-01 10:58:10","2024-10-01 10:58:10"
"405","24","431","6563","https://api.deemceelive.com/storage/invoice/MY001-24-0421.pdf","Unpaid","1","2024-10-01 10:58:19","2024-10-01 10:58:19"
"406","31","432","6603","https://api.deemceelive.com/storage/invoice/MY001-24-0422.pdf","Unpaid","1","2024-10-04 10:38:14","2024-10-04 10:38:14"
"407","31","435","6604","https://api.deemceelive.com/storage/invoice/MY001-24-0423.pdf","Unpaid","1","2024-10-04 10:40:01","2024-10-04 10:40:01"
"408","31","436","6605","https://api.deemceelive.com/storage/invoice/MY001-24-0424.pdf","Unpaid","1","2024-10-04 10:40:11","2024-10-04 10:40:11"
"409","27","433","6641","https://api.deemceelive.com/storage/invoice/MY001-24-0425.pdf","Unpaid","1","2024-10-09 11:24:21","2024-10-09 11:24:21"
"410","25","434","6642","https://api.deemceelive.com/storage/invoice/MY001-24-0426.pdf","Unpaid","1","2024-10-09 11:26:13","2024-10-09 11:26:13"
"411","2","437","6643","https://api.deemceelive.com/storage/invoice/MY001-24-0427.pdf","Unpaid","1","2024-10-09 11:52:04","2024-10-09 11:52:04"
"412","20","438","6644","https://api.deemceelive.com/storage/invoice/MY001-24-0428.pdf","Unpaid","1","2024-10-09 11:53:25","2024-10-09 11:53:25"
"413","24","439","6645","https://api.deemceelive.com/storage/invoice/MY001-24-0429.pdf","Unpaid","1","2024-10-09 12:07:24","2024-10-09 12:07:24"
"414","28","440","6646","https://api.deemceelive.com/storage/invoice/MY001-24-0430.pdf","Unpaid","1","2024-10-09 12:30:22","2024-10-09 12:30:22"
"415","32","441","6683","https://api.deemceelive.com/storage/invoice/MY001-24-0431.pdf","Unpaid","1","2024-10-15 10:40:00","2024-10-15 10:40:00"
"416","23","442","6684","https://api.deemceelive.com/storage/invoice/MY001-24-0432.pdf","Unpaid","1","2024-10-15 10:44:48","2024-10-15 10:44:48"
"417","2","443","6685","https://api.deemceelive.com/storage/invoice/MY001-24-0433.pdf","Unpaid","1","2024-10-15 10:49:56","2024-10-15 10:49:56"
"418","31","444","6738","https://api.deemceelive.com/storage/invoice/MY001-24-0434.pdf","Unpaid","1","2024-10-22 09:46:55","2024-10-22 09:46:55"
"419","7","445","6739","https://api.deemceelive.com/storage/invoice/MY001-24-0435.pdf","Unpaid","1","2024-10-22 09:52:31","2024-10-22 09:52:31"
"420","4","446","6740","https://api.deemceelive.com/storage/invoice/MY001-24-0436.pdf","Unpaid","1","2024-10-22 09:58:11","2024-10-22 09:58:11"
"421","3","447","6741","https://api.deemceelive.com/storage/invoice/MY001-24-0437.pdf","Unpaid","1","2024-10-22 10:05:52","2024-10-22 10:05:52"
"422","24","448","6742","https://api.deemceelive.com/storage/invoice/MY001-24-0438.pdf","Unpaid","1","2024-10-22 10:27:08","2024-10-22 10:27:08"
"423","18","449","6743","https://api.deemceelive.com/storage/invoice/MY001-24-0439.pdf","Unpaid","1","2024-10-22 10:45:13","2024-10-22 10:45:13"
"424","4","450","6797","https://api.deemceelive.com/storage/invoice/MY001-24-0440.pdf","Unpaid","1","2024-10-28 15:50:12","2024-10-28 15:50:12"
"425","4","451","6798","https://api.deemceelive.com/storage/invoice/MY001-24-0441.pdf","Unpaid","1","2024-10-28 15:50:58","2024-10-28 15:50:58"
"426","5","452","6799","https://api.deemceelive.com/storage/invoice/MY001-24-0442.pdf","Unpaid","1","2024-10-28 15:54:17","2024-10-28 15:54:17"
"427","3","453","6800","https://api.deemceelive.com/storage/invoice/MY001-24-0443.pdf","Unpaid","1","2024-10-28 15:56:38","2024-10-28 15:56:38"
"428","28","454","6804","https://api.deemceelive.com/storage/invoice/MY001-24-0444.pdf","Unpaid","1","2024-10-29 10:13:30","2024-10-29 10:13:30"
"429","28","454","6805","https://api.deemceelive.com/storage/invoice/MY001-24-0445.pdf","Unpaid","1","2024-10-29 10:13:30","2024-10-29 10:13:30"
"430","27","455","6881","https://api.deemceelive.com/storage/invoice/MY001-24-0446.pdf","Unpaid","1","2024-11-05 12:09:52","2024-11-05 12:09:52"
"431","19","456","6894","https://api.deemceelive.com/storage/invoice/MY001-24-0447.pdf","Unpaid","1","2024-11-07 11:19:05","2024-11-07 11:19:05"
"432","24","457","6921","https://api.deemceelive.com/storage/invoice/MY001-24-0448.pdf","Unpaid","1","2024-11-12 10:58:47","2024-11-12 10:58:47"
"433","6","458","6922","https://api.deemceelive.com/storage/invoice/MY001-24-0449.pdf","Unpaid","1","2024-11-12 11:35:05","2024-11-12 11:35:05"
"434","8","459","6985","https://api.deemceelive.com/storage/invoice/MY001-24-0450.pdf","Unpaid","1","2024-11-21 13:59:57","2024-11-21 13:59:57"
"435","17","460","7033","https://api.deemceelive.com/storage/invoice/MY001-24-0451.pdf","Unpaid","1","2024-11-28 21:27:12","2024-11-28 21:27:12"
"436","2","461","7034","https://api.deemceelive.com/storage/invoice/MY001-24-0452.pdf","Unpaid","1","2024-11-28 21:34:03","2024-11-28 21:34:03"
"437","27","462","7035","https://api.deemceelive.com/storage/invoice/MY001-24-0453.pdf","Unpaid","1","2024-11-28 21:36:42","2024-11-28 21:36:42"
"438","11","463","7066","https://api.deemceelive.com/storage/invoice/MY001-24-0454.pdf","Unpaid","1","2024-12-02 11:25:59","2024-12-02 11:25:59"
"439","19","466","7122","https://api.deemceelive.com/storage/invoice/MY001-24-0455.pdf","Unpaid","1","2024-12-04 13:46:57","2024-12-04 13:46:57"
"440","30","464","7123","https://api.deemceelive.com/storage/invoice/MY001-24-0456.pdf","Unpaid","1","2024-12-04 13:48:49","2024-12-04 13:48:49"
"441","30","465","7124","https://api.deemceelive.com/storage/invoice/MY001-24-0457.pdf","Unpaid","1","2024-12-04 13:49:34","2024-12-04 13:49:34"
"442","3","467","7130","https://api.deemceelive.com/storage/invoice/MY001-24-0458.pdf","Unpaid","1","2024-12-05 10:43:32","2024-12-05 10:43:32"
"443","4","468","7159","https://api.deemceelive.com/storage/invoice/MY001-24-0459.pdf","Unpaid","1","2024-12-10 10:20:04","2024-12-10 10:20:04"
"444","13","469","7173","https://api.deemceelive.com/storage/invoice/MY001-24-0460.pdf","Unpaid","1","2024-12-12 17:48:34","2024-12-12 17:48:34"
"445","13","470","7174","https://api.deemceelive.com/storage/invoice/MY001-24-0461.pdf","Unpaid","1","2024-12-12 17:48:45","2024-12-12 17:48:45"
"446","25","471","7175","https://api.deemceelive.com/storage/invoice/MY001-24-0462.pdf","Unpaid","1","2024-12-12 17:58:28","2024-12-12 17:58:28"
"447","33","472","7176","https://api.deemceelive.com/storage/invoice/MY001-24-0463.pdf","Unpaid","1","2024-12-12 18:13:14","2024-12-12 18:13:14"
"448","25","473","7177","https://api.deemceelive.com/storage/invoice/MY001-24-0464.pdf","Unpaid","1","2024-12-13 13:44:15","2024-12-13 13:44:15"
"449","8","474","7203","https://api.deemceelive.com/storage/invoice/MY001-24-0465.pdf","Unpaid","1","2024-12-16 15:47:53","2024-12-16 15:47:53"
"450","32","475","7204","https://api.deemceelive.com/storage/invoice/MY001-24-0466.pdf","Unpaid","1","2024-12-16 16:48:44","2024-12-16 16:48:44"
"451","4","476","7214","https://api.deemceelive.com/storage/invoice/MY001-24-0467.pdf","Unpaid","1","2024-12-19 15:22:30","2024-12-19 15:22:30"
"452","21","477","7215","https://api.deemceelive.com/storage/invoice/MY001-24-0468.pdf","Unpaid","1","2024-12-19 15:23:12","2024-12-19 15:23:12"
"453","20","478","7216","https://api.deemceelive.com/storage/invoice/MY001-24-0469.pdf","Unpaid","1","2024-12-19 15:23:59","2024-12-19 15:23:59"
